{
  "MAE": 0.5990239137497079,
  "RMSE": 0.7578767492851701,
  "R2": 0.8553970509863684
}